Iteration,DeepLab v3+,FCN16s,GoogLeNet
0,0.010938503,0.102844857,0.008750803
1,0.010096261,0.123250544,0.008077009
2,0.011596874,0.104011585,0.0092775
3,0.014377119,0.103914102,0.011501696
4,0.009416109,0.108056402,0.007532887
5,0.016099721,0.11405114,0.012879777
6,0.017756351,0.111329268,0.014205081
7,0.017078539,0.11061613,0.013662831
8,0.021651302,0.11125255,0.017321041
9,0.019921099,0.11992076,0.01593688
10,0.021468364,0.160497053,0.017174691
11,0.022814559,0.098370913,0.018251647
12,0.02387346,0.127995233,0.019098768
13,0.028200831,0.116899578,0.022560664
14,0.034135494,0.152989375,0.027308395
15,0.035706733,0.125542797,0.028565386
16,0.037345004,0.093085872,0.029876003
17,0.042944298,0.088480851,0.034355439
18,0.04760216,0.103680455,0.038081728
19,0.053356773,0.127649778,0.042685418
20,0.059460955,0.10100253,0.047568764
21,0.066969802,0.123682462,0.053575841
22,0.072950432,0.100267522,0.058360345
23,0.08113958,0.115741726,0.064911664
24,0.089420299,0.108841848,0.071536239
25,0.096487716,0.10792052,0.077190173
26,0.102551175,0.113331253,0.08204094
27,0.108932459,0.083945792,0.087145967
28,0.116740641,0.116237187,0.093392513
29,0.130585617,0.1396445,0.104468493
30,0.1392856,0.126599884,0.11142848
31,0.148836855,0.08314661,0.119069484
32,0.152569802,0.111814409,0.122055842
33,0.16401931,0.103501392,0.131215448
34,0.174728488,0.103613714,0.13978279
35,0.183348241,0.103087448,0.146678593
36,0.18713793,0.133291342,0.149710344
37,0.196369047,0.104470951,0.157095238
38,0.203829967,0.105702127,0.163063974
39,0.208432906,0.109404912,0.166746324
40,0.219250155,0.074267487,0.175400124
41,0.230172733,0.142567746,0.184138186
42,0.235635408,0.117214992,0.188508326
43,0.24053545,0.134159718,0.19242836
44,0.242144717,0.1573574,0.193715773
45,0.251030331,0.131535409,0.200824265
46,0.254128538,0.11491771,0.20330283
47,0.255791746,0.121178138,0.204633397
48,0.260532365,0.098610253,0.208425892
49,0.261026123,0.116136238,0.208820899
50,0.270155939,0.111193719,0.216124752
51,0.271390832,0.134218181,0.217112665
52,0.272551905,0.097755272,0.218041524
53,0.273994119,0.084911734,0.219195295
54,0.276780498,0.117001761,0.221424398
55,0.274342275,0.094678814,0.21947382
56,0.277772681,0.122079437,0.222218145
57,0.277619544,0.127771073,0.222095635
58,0.279395131,0.117938482,0.223516105
59,0.285123435,0.081513305,0.228098748
60,0.282364687,0.105482153,0.22589175
61,0.285613947,0.124622847,0.228491157
62,0.282336389,0.144183042,0.225869111
63,0.282622861,0.099457563,0.226098289
64,0.283513788,0.142170128,0.226811031
65,0.280252288,0.174812758,0.22420183
66,0.282722333,0.106801724,0.226177866
67,0.286561236,0.096994166,0.229248988
68,0.284883159,0.116924495,0.227906527
69,0.284619654,0.107746866,0.227695723
70,0.291231145,0.111917062,0.232984916
71,0.288456792,0.110500924,0.230765434
72,0.289155099,0.137688298,0.231324079
73,0.287049614,0.111194442,0.229639691
74,0.28796241,0.11842483,0.230369928
75,0.286704812,0.17087351,0.229363849
76,0.28714995,0.138882093,0.22971996
77,0.287048808,0.122178264,0.229639046
78,0.286134371,0.10469694,0.228907497
79,0.285388893,0.127997564,0.228311115
80,0.287877152,0.15563403,0.230301721
81,0.28491143,0.146050872,0.227929144
82,0.284730092,0.116893565,0.227784074
83,0.283627055,0.128754021,0.226901644
84,0.286834439,0.137632758,0.229467552
85,0.287957635,0.063301308,0.230366108
86,0.280814482,0.163684089,0.224651586
87,0.284575996,0.122904429,0.227660797
88,0.283492939,0.099374784,0.226794351
89,0.281504889,0.108959605,0.225203911
90,0.280635974,0.100977543,0.224508779
91,0.286658337,0.099814865,0.22932667
92,0.285058491,0.131965009,0.228046793
93,0.286684948,0.089651167,0.229347958
94,0.286389384,0.102358552,0.229111508
95,0.281118345,0.110539937,0.224894676
96,0.278745231,0.121933959,0.222996185
97,0.280786887,0.126840803,0.224629509
98,0.285843636,0.119661129,0.228674909
99,0.286560436,0.123562357,0.229248349
100,0.279577931,0.091652284,0.223662345
101,0.278869924,0.104608058,0.223095939
102,0.282934028,0.097962299,0.226347222
103,0.27901955,0.102911993,0.22321564
104,0.278451016,0.118635261,0.222760813
105,0.275202117,0.107809017,0.220161693
106,0.279917818,0.132455909,0.223934254
107,0.273699314,0.110861013,0.218959451
108,0.270278258,0.157300651,0.216222606
109,0.276878359,0.124305681,0.221502687
110,0.278829891,0.147659446,0.223063912
111,0.276769485,0.118855779,0.221415588
112,0.275053364,0.115541294,0.220042691
113,0.274356395,0.105116244,0.219485116
114,0.276483114,0.121490761,0.221186491
115,0.279939567,0.118990084,0.223951653
116,0.280910582,0.152718792,0.224728466
117,0.275089476,0.124541947,0.22007158
118,0.283784597,0.125180552,0.227027678
119,0.277178856,0.138967617,0.221743084
120,0.275998496,0.095799093,0.220798797
121,0.293292613,0.135742565,0.234634091
122,0.283184513,0.135012424,0.226547611
123,0.281609782,0.117124869,0.225287826
124,0.28074344,0.123145009,0.224594752
125,0.284736213,0.146899691,0.22778897
126,0.290035064,0.137870432,0.232028052
127,0.286192698,0.153890264,0.228954159
128,0.273184835,0.105267274,0.218547868
129,0.277920546,0.107625219,0.222336437
130,0.276758078,0.087967906,0.221406463
131,0.286971603,0.128166534,0.229577282
132,0.280064967,0.10846327,0.224051974
133,0.2771282,0.104952306,0.22170256
134,0.281997087,0.117137525,0.22559767
135,0.279259946,0.122483551,0.223407957
136,0.287209509,0.13426277,0.229767607
137,0.281441925,0.143330685,0.22515354
138,0.28783282,0.107313608,0.230266256
139,0.283452673,0.120057411,0.226762139
140,0.271256162,0.091906629,0.21700493
141,0.274180059,0.1113911,0.219344047
142,0.274944694,0.101276498,0.219955755
143,0.275845826,0.130143024,0.220676661
144,0.274912335,0.124853059,0.219929868
145,0.279490296,0.130552805,0.223592236
146,0.29043163,0.116502091,0.232345304
147,0.274180017,0.121432861,0.219344014
148,0.271417425,0.144317833,0.21713394
149,0.269143645,0.129767636,0.215314916
150,0.290524359,0.128957297,0.232419487
151,0.280230162,0.116665704,0.22418413
152,0.262095143,0.155895271,0.209676115
153,0.275341301,0.132262431,0.220273041
154,0.266797237,0.14049331,0.213437789
155,0.271570701,0.13180316,0.217256561
156,0.273538687,0.097432928,0.21883095
157,0.267098483,0.139755521,0.213678787
158,0.267852643,0.105757382,0.214282115
159,0.271667645,0.156092628,0.217334116
160,0.275487622,0.164971683,0.220390098
161,0.276291346,0.134618235,0.221033077
162,0.270155696,0.124547478,0.216124557
163,0.276174603,0.126647099,0.220939683
164,0.276589497,0.121483061,0.221271597
165,0.276006151,0.139344621,0.220804921
166,0.276125444,0.119136549,0.220900355
167,0.275514461,0.134546405,0.220411569
168,0.274005992,0.149045464,0.219204793
169,0.273744142,0.109285837,0.218995313
170,0.287809916,0.101740289,0.230247932
171,0.282616179,0.132549227,0.226092943
172,0.275444585,0.130507889,0.220355668
173,0.280221615,0.111691673,0.224177292
174,0.280831874,0.103373423,0.224665499
175,0.276936178,0.102849908,0.221548942
176,0.27716076,0.11661938,0.221728608
177,0.280639208,0.132341967,0.224511367
178,0.274499417,0.117406728,0.219599534
179,0.276595996,0.132993354,0.221276797
180,0.274276144,0.105514571,0.219420915
181,0.275500604,0.140414712,0.220400484
182,0.279295669,0.112045217,0.223436535
183,0.277983814,0.11285339,0.222387051
184,0.276835779,0.080537112,0.221468623
185,0.272867235,0.146163873,0.218293788
186,0.285771712,0.113322064,0.22861737
187,0.27829805,0.081085159,0.22263844
188,0.286451746,0.106568275,0.229161397
189,0.282293284,0.125339011,0.225834627
190,0.27636209,0.137936821,0.221089672
191,0.283235945,0.086250396,0.226588756
192,0.274969311,0.175273135,0.219975449
193,0.288005732,0.126459939,0.230404586
194,0.280439946,0.115427002,0.224351957
195,0.278439163,0.143452659,0.222751331
196,0.283554462,0.138999011,0.226843569
197,0.271587745,0.120695835,0.217270196
198,0.305411206,0.155036148,0.244328965
199,0.28153979,0.149967655,0.225231832
200,0.280956575,0.095230703,0.22476526
201,0.277514087,0.141843846,0.22201127
202,0.28198085,0.123740392,0.22558468
203,0.272282388,0.126854063,0.21782591
204,0.271752579,0.109693152,0.217402063
205,0.285566367,0.137479454,0.228453094
206,0.270957695,0.136552441,0.216766156
207,0.277759683,0.122694992,0.222207747
208,0.28018713,0.153259848,0.224149704
209,0.274447184,0.084637611,0.219557748
210,0.281309602,0.135659939,0.225047681
211,0.280993277,0.140958799,0.224794621
212,0.287479548,0.093331396,0.229983638
213,0.280619609,0.093139731,0.224495687
214,0.284961007,0.116543845,0.227968806
215,0.283201079,0.125654304,0.226560863
216,0.284306726,0.156073715,0.22744538
217,0.28164315,0.124711901,0.22531452
218,0.29099401,0.133733029,0.232795208
219,0.282048535,0.120694388,0.225638828
220,0.290358355,0.174673415,0.232286684
221,0.275481854,0.106549548,0.220385483
222,0.273837392,0.119458214,0.219069914
223,0.270941515,0.119304443,0.216753212
224,0.275514398,0.10080909,0.220411518
225,0.274282168,0.112139385,0.219425734
226,0.279404594,0.107551545,0.223523675
227,0.288091418,0.155333378,0.230473135
228,0.272633437,0.164834282,0.21810675
229,0.276578062,0.120576282,0.221262449
230,0.27251242,0.119652269,0.218009936
231,0.275220151,0.110139534,0.220176121
232,0.284342791,0.149321158,0.227474233
233,0.267868793,0.126417859,0.214295034
234,0.26868438,0.100965661,0.214947504
235,0.273840908,0.110804944,0.219072726
236,0.265305753,0.107862237,0.212244602
237,0.272041676,0.14531509,0.217633341
238,0.26988332,0.111399333,0.215906656
239,0.267472289,0.161253982,0.213977831
240,0.272541649,0.120083467,0.218033319
241,0.279350247,0.138367344,0.223480197
242,0.283503795,0.180861845,0.226803036
243,0.276171319,0.101852297,0.220937055
244,0.281361996,0.149933189,0.225089597
245,0.275999523,0.126777023,0.220799618
246,0.284734296,0.135086668,0.227787437
247,0.2846048,0.145266467,0.22768384
248,0.286867691,0.16705204,0.229494152
249,0.277908844,0.105540704,0.222327075
250,0.279814408,0.127278726,0.223851526
251,0.27689696,0.132028126,0.221517568
252,0.272616592,0.096852978,0.218093274
253,0.279810126,0.14063578,0.2238481
254,0.269559863,0.095122504,0.21564789
255,0.281604309,0.144793059,0.225283447
256,0.284739013,0.100609329,0.22779121
257,0.289681021,0.125146775,0.231744817
258,0.282303481,0.136834499,0.225842784
259,0.285267317,0.12017636,0.228213854
260,0.290847849,0.135959651,0.232678279
261,0.284780396,0.112930271,0.227824317
262,0.290355787,0.092382939,0.23228463
263,0.285271154,0.115337973,0.228216924
264,0.288734823,0.15350038,0.230987859
265,0.289840143,0.131390529,0.231872114
266,0.291664518,0.096719311,0.233331614
267,0.285710087,0.121444273,0.228568069
268,0.283112638,0.136463619,0.226490111
269,0.277858073,0.127486853,0.222286458
270,0.272428953,0.15707893,0.217943162
271,0.281049323,0.139116749,0.224839459
272,0.292483245,0.178534921,0.233986596
273,0.28811933,0.138127168,0.230495464
274,0.276436969,0.124067421,0.221149575
275,0.280785212,0.122218168,0.22462817
276,0.274150106,0.118869787,0.219320085
277,0.283433987,0.139214189,0.226747189
278,0.28492515,0.170258357,0.22794012
279,0.269687257,0.129015357,0.215749806
280,0.272482039,0.19222217,0.217985632
281,0.270359943,0.168192133,0.216287955
282,0.273683755,0.147183576,0.218947004
283,0.270943108,0.15560395,0.216754487
284,0.266034434,0.111413256,0.212827547
285,0.264402428,0.144778171,0.211521942
286,0.264552718,0.097840973,0.211642174
287,0.270694444,0.138187932,0.216555556
288,0.281018695,0.103769124,0.224814956
289,0.275221322,0.099710738,0.220177057
290,0.274028845,0.144570509,0.219223076
291,0.265693979,0.107310913,0.212555183
292,0.279821912,0.161320018,0.223857529
293,0.282491254,0.142820975,0.225993003
294,0.276430314,0.129485691,0.221144251
295,0.274325128,0.110652449,0.219460103
296,0.270704498,0.143678128,0.216563599
297,0.280016793,0.173898472,0.224013435
298,0.281267948,0.167374534,0.225014358
299,0.28249296,0.112499362,0.225994368
300,0.284332362,0.076031829,0.22746589
301,0.292054869,0.129450407,0.233643895
302,0.281666057,0.180249383,0.225332846
303,0.288184862,0.100420232,0.23054789
304,0.287792618,0.128658723,0.230234094
305,0.295602706,0.150418269,0.236482165
306,0.291589591,0.130352261,0.233271673
307,0.280451964,0.140256945,0.224361571
308,0.286012926,0.114213586,0.228810341
309,0.274641585,0.103299573,0.219713268
310,0.282389088,0.104568163,0.225911271
311,0.278284907,0.147168351,0.222627925
312,0.271254314,0.094516346,0.217003451
313,0.279606504,0.143205041,0.223685203
314,0.285391743,0.133502276,0.228313394
315,0.278925433,0.148146653,0.223140346
316,0.27298631,0.161285392,0.218389048
317,0.280184381,0.096377829,0.224147505
318,0.27182599,0.147012709,0.217460792
319,0.276013093,0.116312417,0.220810474
320,0.276163625,0.121597118,0.2209309
321,0.284401276,0.100831947,0.227521021
322,0.293707906,0.139229893,0.234966325
323,0.279191073,0.111930183,0.223352858
324,0.27946448,0.10018508,0.223571584
325,0.279091363,0.141880002,0.223273091
326,0.279895506,0.125413884,0.223916405
327,0.289611891,0.117091362,0.231689513
328,0.284254949,0.10184878,0.227403959
329,0.286160644,0.149288452,0.228928515
330,0.292992766,0.139675896,0.234394212
331,0.28127867,0.134302452,0.225022936
332,0.286752186,0.13376697,0.229401749
333,0.290187398,0.151081222,0.232149918
334,0.28910134,0.125699191,0.231281072
335,0.293448142,0.154606469,0.234758514
336,0.289715208,0.117313025,0.231772166
337,0.285842507,0.1249395,0.228674005
338,0.283722071,0.091586793,0.226977657
339,0.280281486,0.154429868,0.224225189
340,0.282158698,0.168804724,0.225726959
341,0.273837981,0.147161204,0.219070385
342,0.290842172,0.10256211,0.232673737
343,0.284877983,0.117164081,0.227902387
344,0.277742995,0.131380133,0.222194396
345,0.288427761,0.122311527,0.230742209
346,0.274969308,0.139098616,0.219975447
347,0.278202589,0.096873738,0.222562071
348,0.284754945,0.147417251,0.227803956
349,0.278538798,0.144999025,0.222831038
350,0.279040491,0.133632334,0.223232393
351,0.282400303,0.153000952,0.225920243
352,0.271278992,0.172750454,0.217023194
353,0.279807304,0.120226572,0.223845843
354,0.276054118,0.144832562,0.220843294
355,0.263879412,0.104460979,0.21110353
356,0.267125159,0.138381733,0.213700127
357,0.273860498,0.17067977,0.219088398
358,0.274325477,0.121831735,0.219460381
359,0.270489695,0.126376373,0.216391756
360,0.263010853,0.095579675,0.210408682
361,0.261714074,0.120858634,0.209371259
362,0.262967042,0.161345065,0.210373634
363,0.277260149,0.0826673,0.221808119
364,0.26121567,0.138930101,0.208972536
365,0.263215461,0.139590295,0.210572369
366,0.257342446,0.128341928,0.205873957
367,0.272622052,0.162140849,0.218097642
368,0.274139879,0.134973693,0.219311903
369,0.26832902,0.155745119,0.214663216
370,0.270952464,0.141864392,0.216761971
371,0.271864282,0.140058849,0.217491426
372,0.283693746,0.116895059,0.226954997
373,0.28027783,0.131928658,0.224222264
374,0.27943798,0.148070251,0.223550384
375,0.276221336,0.159447734,0.220977069
376,0.287076285,0.131013366,0.229661028
377,0.277869226,0.131463881,0.222295381
378,0.276715153,0.174302959,0.221372122
379,0.280873702,0.123388705,0.224698961
380,0.271709772,0.156826505,0.217367818
381,0.284497292,0.122033685,0.227597833
382,0.275663544,0.180220527,0.220530835
383,0.268097812,0.134160358,0.214478249
384,0.279656818,0.100534471,0.223725455
385,0.275774777,0.129092575,0.220619822
386,0.278225928,0.125182005,0.222580742
387,0.279349463,0.123782493,0.22347957
388,0.282116109,0.173129745,0.225692887
389,0.280773533,0.098369323,0.224618826
390,0.27488472,0.123090117,0.219907776
391,0.285787844,0.132538869,0.228630275
392,0.281981584,0.102452129,0.225585267
393,0.305184316,0.103428605,0.244147453
394,0.293790334,0.127748357,0.235032268
395,0.277779692,0.140693701,0.222223754
396,0.288382741,0.101954374,0.230706193
397,0.282826947,0.160885655,0.226261558
398,0.289933067,0.117117372,0.231946454
399,0.283550795,0.140389511,0.226840636
400,0.295085707,0.164257082,0.236068566
401,0.284991599,0.130889031,0.227993279
402,0.277406691,0.121749763,0.221925353
403,0.2805092,0.126956166,0.22440736
404,0.278571191,0.172800187,0.222856953
405,0.280566065,0.120812115,0.224452852
406,0.280250872,0.126988943,0.224200698
407,0.291831871,0.139027292,0.233465497
408,0.283293399,0.115232438,0.226634719
409,0.274275841,0.103372998,0.219420673
410,0.284294378,0.147740811,0.227435502
411,0.265231518,0.113572354,0.212185214
412,0.276697126,0.172803022,0.221357701
413,0.267911728,0.156226364,0.214329382
414,0.290089276,0.117566644,0.232071421
415,0.269906736,0.12409472,0.215925388
416,0.275097655,0.150498876,0.220078124
417,0.286010428,0.121933317,0.228808342
418,0.286868169,0.111852775,0.229494535
419,0.277418215,0.132636592,0.221934572
420,0.27035422,0.118068578,0.216283376
421,0.274595296,0.155349908,0.219676236
422,0.283073029,0.130854011,0.226458423
423,0.27913086,0.132182175,0.223304688
424,0.281203526,0.180480553,0.224962821
425,0.286128518,0.111546386,0.228902815
426,0.283563338,0.122864972,0.22685067
427,0.285656014,0.147117714,0.228524811
428,0.28890771,0.121022753,0.231126168
429,0.270993504,0.119732423,0.216794804
430,0.301787504,0.134275802,0.241430003
431,0.284929173,0.139679923,0.227943338
432,0.285356628,0.141297922,0.228285302
433,0.283143913,0.140605051,0.226515131
434,0.291118919,0.135449779,0.232895135
435,0.291574095,0.169900756,0.233259276
436,0.291341587,0.113228359,0.23307327
437,0.279995165,0.136177829,0.223996132
438,0.282772268,0.106380714,0.226217814
439,0.290642482,0.149692839,0.232513986
440,0.293180035,0.131817602,0.234544028
441,0.277812847,0.110065042,0.222250278
442,0.271054201,0.154261988,0.216843361
443,0.280215888,0.108434822,0.224172711
444,0.280223259,0.168982309,0.224178607
445,0.277376035,0.150046541,0.221900828
446,0.28346466,0.126144255,0.226771728
447,0.276601694,0.126759585,0.221281355
448,0.284259863,0.122879191,0.22740789
449,0.272958378,0.156717802,0.218366702
450,0.268897319,0.133079966,0.215117855
451,0.28525144,0.162925531,0.228201152
452,0.277499563,0.128861141,0.22199965
453,0.287592826,0.167331722,0.230074261
454,0.281002896,0.123997013,0.224802317
455,0.275966472,0.138485873,0.220773178
456,0.27288645,0.123824319,0.21830916
457,0.277468541,0.089263325,0.221974833
458,0.288260728,0.130721179,0.230608583
459,0.288155285,0.100841493,0.230524228
460,0.279970368,0.141917251,0.223976294
461,0.296403425,0.129413107,0.23712274
462,0.323983801,0.117517844,0.259187041
463,0.285755755,0.134823465,0.228604604
464,0.283800905,0.161343805,0.227040724
465,0.29537492,0.13415833,0.236299936
466,0.274011084,0.171272214,0.219208867
467,0.279982065,0.165391547,0.223985652
468,0.281152279,0.168938649,0.224921823
469,0.270617035,0.144664509,0.216493628
470,0.280952773,0.090600084,0.224762218
471,0.27380785,0.129925921,0.21904628
472,0.27383199,0.166039138,0.219065592
473,0.26535937,0.081159016,0.212287496
474,0.280882418,0.118297996,0.224705935
475,0.27172217,0.142846351,0.217377736
476,0.275929441,0.151206464,0.220743553
477,0.282998491,0.13420171,0.226398793
478,0.291711372,0.098808438,0.233369097
479,0.302042254,0.149370637,0.241633803
480,0.284778233,0.129403163,0.227822587
481,0.275888472,0.121143629,0.220710777
482,0.28051444,0.149708342,0.224411552
483,0.285042467,0.147445682,0.228033973
484,0.310728525,0.188297581,0.24858282
485,0.289040135,0.191413314,0.231232108
486,0.27677321,0.129321946,0.221418568
487,0.286201822,0.120810857,0.228961458
488,0.281145191,0.121973938,0.224916153
489,0.276457393,0.141888811,0.221165915
490,0.278598222,0.191199283,0.222878577
491,0.273570908,0.120726591,0.218856726
492,0.275652754,0.140469822,0.220522203
493,0.266126665,0.122891492,0.212901332
494,0.278317277,0.115742833,0.222653822
495,0.274979428,0.167877394,0.219983542
496,0.285958172,0.115510689,0.228766537
497,0.274981543,0.138587571,0.219985234
498,0.269812342,0.127897021,0.215849874
499,0.285002118,0.173227605,0.228001694
500,0.285647739,0.11321836,0.228518191
501,0.285368889,0.147565336,0.228295111
502,0.28843343,0.10318937,0.230746744
503,0.288251509,0.116853735,0.230601207
504,0.289170283,0.120233441,0.231336226
505,0.308813644,0.159725789,0.247050915
506,0.284102302,0.096089411,0.227281842
507,0.304698801,0.132606448,0.243759041
508,0.288239711,0.093974439,0.230591769
509,0.282507281,0.13864738,0.226005825
510,0.286318085,0.152719806,0.229054468
511,0.316141036,0.141989555,0.252912829
512,0.291996321,0.107488227,0.233597057
513,0.283123971,0.129555088,0.226499177
514,0.284439383,0.143401394,0.227551506
515,0.278925077,0.149869337,0.223140062
516,0.29564601,0.107038665,0.236516808
517,0.28616373,0.157590476,0.228930984
518,0.279118241,0.134941906,0.223294593
519,0.273973078,0.116848109,0.219178462
520,0.279689446,0.147133791,0.223751556
521,0.27910023,0.188172675,0.223280184
522,0.308172411,0.144124076,0.246537928
523,0.27768295,0.133208661,0.22214636
524,0.283260877,0.111399015,0.226608702
525,0.295924779,0.140657826,0.236739823
526,0.284665487,0.134740841,0.227732389
527,0.299722385,0.154319556,0.239777908
528,0.279324425,0.14276434,0.22345954
529,0.282713958,0.148930715,0.226171167
530,0.284870665,0.145695568,0.227896532
531,0.289994444,0.191231612,0.231995556
532,0.275764654,0.138411798,0.220611723
533,0.293453631,0.135911477,0.234762905
534,0.283815049,0.116866295,0.22705204
535,0.27755574,0.122124717,0.222044592
536,0.27575543,0.132813958,0.220604344
537,0.273956842,0.166866187,0.219165473
538,0.307698579,0.108601406,0.246158863
539,0.273292425,0.16404412,0.21863394
540,0.289278452,0.132591163,0.231422762
541,0.27734207,0.115706753,0.221873656
542,0.296646329,0.105892728,0.237317063
543,0.293326355,0.147602459,0.234661084
544,0.27895426,0.127302175,0.223163408
545,0.279634536,0.152188665,0.223707629
546,0.298285062,0.155490712,0.238628049
547,0.283761186,0.11550289,0.227008949
548,0.287226146,0.120351691,0.229780917
549,0.309726508,0.14380755,0.247781206
550,0.286094181,0.171186524,0.228875345
551,0.299608126,0.149874084,0.2396865
552,0.293512392,0.138241079,0.234809914
553,0.297932095,0.139956554,0.238345676
554,0.291344955,0.175999904,0.233075964
555,0.297035975,0.124648241,0.23762878
556,0.29596929,0.14992543,0.236775432
557,0.310567333,0.149732702,0.248453867
558,0.288312126,0.161828783,0.230649701
559,0.292151755,0.136186105,0.233721404
560,0.295040065,0.100507199,0.236032052
561,0.275460499,0.122573481,0.220368399
562,0.283703292,0.117546982,0.226962634
563,0.27244357,0.134067856,0.217954856
564,0.280088416,0.118781035,0.224070733
565,0.286286503,0.154657303,0.229029202
566,0.292608072,0.127254403,0.234086457
567,0.28084711,0.196347294,0.224677688
568,0.27391697,0.14183261,0.219133576
569,0.283021342,0.129166678,0.226417073
570,0.275983752,0.186777191,0.220787002
571,0.294556142,0.113838193,0.235644913
572,0.286069897,0.124957911,0.228855918
573,0.27573481,0.179500217,0.220587848
574,0.285633454,0.152651399,0.228506763
575,0.275476813,0.174648439,0.22038145
576,0.283263485,0.159556339,0.226610788
577,0.282916322,0.152409695,0.226333058
578,0.297169486,0.186862802,0.237735589
579,0.291662081,0.11450362,0.233329665
580,0.27299025,0.14521045,0.2183922
581,0.278455536,0.113318489,0.222764429
582,0.289080016,0.095568931,0.231264013
583,0.275984829,0.115040047,0.220787863
584,0.287286003,0.154298916,0.229828803
585,0.2748751,0.1512884,0.21990008
586,0.286652679,0.166301035,0.229322143
587,0.287952802,0.144256364,0.230362241
588,0.280779894,0.192213278,0.224623915
589,0.281508789,0.158246434,0.225207031
590,0.29032036,0.129124606,0.232256288
591,0.267708252,0.120807299,0.214166601
592,0.295464322,0.105275223,0.236371458
593,0.314291757,0.149514196,0.251433406
594,0.276745164,0.121008585,0.221396131
595,0.277447751,0.123433255,0.221958201
596,0.291913169,0.196700574,0.233530535
597,0.295404191,0.108847537,0.236323353
598,0.288243666,0.114224373,0.230594932
599,0.289917987,0.167122129,0.23193439
600,0.295572492,0.143886461,0.236457994
601,0.304309242,0.134308225,0.243447393
602,0.311474142,0.120043189,0.249179314
603,0.28480916,0.112832547,0.227847328
604,0.289801976,0.148374389,0.231841581
605,0.280169297,0.112634478,0.224135438
606,0.293656679,0.189775431,0.234925343
607,0.2825782,0.102514723,0.22606256
608,0.283110876,0.158493786,0.226488701
609,0.278571523,0.150409532,0.222857219
610,0.284363922,0.148920456,0.227491138
611,0.275886895,0.14289481,0.220709516
612,0.283319521,0.137030395,0.226655617
613,0.280502805,0.16102522,0.224402244
614,0.326053591,0.126603112,0.260842873
615,0.28205993,0.119353316,0.225647944
616,0.281621307,0.20427137,0.225297046
617,0.281983397,0.127362261,0.225586717
618,0.303060443,0.18106291,0.242448355
619,0.295939444,0.118520615,0.236751555
620,0.306518356,0.180197703,0.245214685
621,0.281694241,0.175222064,0.225355393
622,0.288194285,0.159189089,0.230555428
623,0.307235293,0.135761762,0.245788235
624,0.273841789,0.189785899,0.219073431
625,0.286495601,0.146084066,0.22919648
626,0.297630158,0.152547763,0.238104127
627,0.281558923,0.146292966,0.225247138
628,0.283555411,0.14401071,0.226844329
629,0.288179682,0.156382248,0.230543746
630,0.279401712,0.12994928,0.223521369
631,0.277493401,0.152238394,0.221994721
632,0.315118356,0.123821363,0.252094685
633,0.301257169,0.150272256,0.241005735
634,0.313209833,0.168390311,0.250567866
635,0.294333769,0.139642603,0.235467015
636,0.30782528,0.213773906,0.246260224
637,0.290888666,0.179940797,0.232710933
638,0.325438237,0.106331773,0.26035059
639,0.292737184,0.168928994,0.234189747
640,0.288569034,0.147245801,0.230855227
641,0.294039295,0.148157519,0.235231436
642,0.281245417,0.213724536,0.224996334
643,0.294961381,0.167522939,0.235969105
644,0.292948633,0.125393117,0.234358906
645,0.294382658,0.131258103,0.235506126
646,0.293332921,0.132097578,0.234666336
647,0.298793574,0.113372258,0.239034859
648,0.291138437,0.18766276,0.232910749
649,0.280585664,0.137016034,0.224468531
650,0.306850711,0.138290338,0.245480569
651,0.281758747,0.185203064,0.225406997
652,0.294042382,0.157948552,0.235233906
653,0.274193397,0.137977728,0.219354718
654,0.269298794,0.135422872,0.215439035
655,0.291571198,0.129154751,0.233256958
656,0.297231008,0.111792337,0.237784806
657,0.280034051,0.170452627,0.224027241
658,0.276256548,0.145929337,0.221005238
659,0.276293563,0.119676173,0.22103485
660,0.280489713,0.155762893,0.22439177
661,0.291688003,0.175115549,0.233350403
662,0.303344913,0.131454404,0.242675931
663,0.284735783,0.159394086,0.227788626
664,0.298195503,0.116179894,0.238556402
665,0.284311053,0.114359974,0.227448842
666,0.284334328,0.130495405,0.227467462
667,0.29378596,0.168436509,0.235028768
668,0.292424519,0.130857502,0.233939615
669,0.278589992,0.172403283,0.222871993
670,0.281308105,0.142036126,0.225046484
671,0.284488508,0.194730574,0.227590807
672,0.322166984,0.127041577,0.257733587
673,0.291951902,0.128555216,0.233561521
674,0.278793184,0.172300605,0.223034547
675,0.281306419,0.157738263,0.225045135
676,0.283714881,0.167166114,0.226971904
677,0.309218661,0.149392913,0.247374929
678,0.289736783,0.122675511,0.231789426
679,0.292499179,0.147489913,0.233999343
680,0.283543573,0.171415459,0.226834859
681,0.296948168,0.125108202,0.237558535
682,0.306712097,0.152495339,0.245369678
683,0.284062253,0.172721146,0.227249802
684,0.292345002,0.191496619,0.233876002
685,0.287990038,0.122450907,0.23039203
686,0.302362356,0.166492651,0.241889885
687,0.294084737,0.165148083,0.23526779
688,0.287609038,0.175467851,0.23008723
689,0.297386854,0.130539602,0.237909483
690,0.284470593,0.14273509,0.227576475
691,0.284734462,0.185979139,0.22778757
692,0.281296287,0.142314226,0.22503703
693,0.279606398,0.12610212,0.223685119
694,0.29025002,0.147286641,0.232200016
695,0.285105868,0.165890137,0.228084695
696,0.293951337,0.174338344,0.23516107
697,0.303251534,0.15356194,0.242601227
698,0.291055497,0.104997794,0.232844398
699,0.297634809,0.18243908,0.238107848
700,0.289122275,0.106520438,0.23129782
701,0.317476161,0.127278857,0.253980929
702,0.305642615,0.110203645,0.244514092
703,0.288127744,0.138798848,0.230502195
704,0.302251926,0.14872752,0.241801541
705,0.298625362,0.130754542,0.238900289
706,0.284246072,0.146952713,0.227396858
707,0.311155141,0.147903848,0.248924113
708,0.28926656,0.138483586,0.231413248
709,0.283026128,0.157392721,0.226420903
710,0.279568933,0.107468146,0.223655146
711,0.296564449,0.122086063,0.237251559
712,0.271929357,0.110729684,0.217543486
713,0.287811929,0.171034586,0.230249543
714,0.284474173,0.123889108,0.227579338
715,0.281643996,0.179251579,0.225315197
716,0.284003701,0.163030009,0.227202961
717,0.313365027,0.16219009,0.250692021
718,0.283054676,0.11789204,0.226443741
719,0.273437262,0.136213193,0.21874981
720,0.279306483,0.163454455,0.223445187
721,0.304916633,0.094021997,0.243933306
722,0.298837855,0.13795972,0.239070284
723,0.286486854,0.150777374,0.229189483
724,0.264192388,0.147389842,0.211353911
725,0.275464141,0.158382552,0.220371313
726,0.295965681,0.116823364,0.236772545
727,0.291249566,0.104301655,0.232999653
728,0.302469559,0.146434679,0.241975647
729,0.280565685,0.10757793,0.224452548
730,0.29627804,0.118287636,0.237022432
731,0.286616876,0.135477542,0.229293501
732,0.28682887,0.122927973,0.229463096
733,0.305181183,0.137889383,0.244144946
734,0.304535378,0.120221985,0.243628302
735,0.321738086,0.154715828,0.257390469
736,0.297960185,0.138231894,0.238368148
737,0.288210055,0.209697513,0.230568044
738,0.324587069,0.132499359,0.259669655
739,0.293536502,0.145692772,0.234829202
740,0.29399929,0.102961599,0.235199432
741,0.320501563,0.135953779,0.25640125
742,0.280409529,0.160010328,0.224327623
743,0.288603011,0.152676632,0.230882409
744,0.297804938,0.212567,0.23824395
745,0.289040985,0.152090456,0.231232788
746,0.309011163,0.143571533,0.24720893
747,0.289913331,0.145244512,0.231930665
748,0.287363646,0.169531054,0.229890917
749,0.300778951,0.176874863,0.240623161
750,0.284463183,0.158702333,0.227570547
751,0.295293121,0.120638834,0.236234497
752,0.330092631,0.1376005,0.264074105
753,0.288976845,0.131993049,0.231181476
754,0.292030683,0.162537652,0.233624546
755,0.290997607,0.136201652,0.232798086
756,0.280176216,0.190071326,0.224140973
757,0.280059704,0.203973144,0.224047763
758,0.308148836,0.165021628,0.246519068
759,0.286082429,0.193443159,0.228865944
760,0.280704761,0.118115358,0.224563809
761,0.289216362,0.137309553,0.23137309
762,0.296555925,0.096986599,0.23724474
763,0.281072174,0.182678845,0.224857739
764,0.289636604,0.121981436,0.231709284
765,0.281274993,0.165599661,0.225019995
766,0.285814331,0.14168826,0.228651465
767,0.28700307,0.148499733,0.229602456
768,0.295983069,0.161807832,0.236786455
769,0.289147068,0.127686514,0.231317654
770,0.304769302,0.165635325,0.243815442
771,0.301245557,0.146462256,0.240996446
772,0.300390208,0.142274155,0.240312167
773,0.293618015,0.173436513,0.234894412
774,0.289379285,0.119610431,0.231503428
775,0.275130548,0.144868468,0.220104439
776,0.296815051,0.118192592,0.237452041
777,0.311399357,0.16146407,0.249119486
778,0.301437407,0.115237628,0.241149925
779,0.299092283,0.14998895,0.239273826
780,0.299890262,0.188428223,0.23991221
781,0.286193859,0.117085253,0.228955087
782,0.285426581,0.135544871,0.228341265
783,0.286318893,0.191600241,0.229055114
784,0.302765264,0.145678837,0.242212212
785,0.297715649,0.159490357,0.238172519
786,0.286224768,0.163682828,0.228979814
787,0.291207407,0.159797754,0.232965925
788,0.297935092,0.179194971,0.238348074
789,0.296577753,0.150629182,0.237262203
790,0.276828221,0.162601991,0.221462577
791,0.285117917,0.174020679,0.228094334
792,0.280965098,0.162407396,0.224772078
793,0.289470269,0.115859405,0.231576215
794,0.292136224,0.191618337,0.233708979
795,0.301646028,0.15424434,0.241316823
796,0.316091304,0.116681104,0.252873043
797,0.308518069,0.131840579,0.246814455
798,0.31193506,0.121089207,0.249548048
799,0.284368142,0.215195866,0.227494513
800,0.331151208,0.15522186,0.264920966
801,0.298136321,0.146057682,0.238509057
802,0.300116616,0.14718954,0.240093293
803,0.292432519,0.139031551,0.233946015
804,0.279537535,0.205299393,0.223630028
805,0.283310395,0.164418521,0.226648316
806,0.277689924,0.163854412,0.222151939
807,0.295800297,0.158708102,0.236640238
808,0.284773937,0.14768831,0.22781915
809,0.323006758,0.14074748,0.258405407
810,0.284297504,0.138603694,0.227438003
811,0.283883912,0.159195336,0.22710713
812,0.284733569,0.142363203,0.227786855
813,0.294104948,0.130748703,0.235283958
814,0.301113096,0.138201414,0.240890477
815,0.293465694,0.104711614,0.234772556
816,0.335024563,0.15147307,0.26801965
817,0.320475213,0.189558518,0.256380171
818,0.285007081,0.125734394,0.228005665
819,0.291643139,0.145579041,0.233314511
820,0.305893173,0.150302337,0.244714538
821,0.301227356,0.176980718,0.240981885
822,0.308765778,0.163946783,0.247012623
823,0.280169773,0.141855273,0.224135818
824,0.289590995,0.128092848,0.231672796
825,0.297073018,0.143564748,0.237658414
826,0.289358863,0.137918425,0.231487091
827,0.297535771,0.123659413,0.238028617
828,0.305936904,0.14211046,0.244749524
829,0.318695104,0.171583386,0.254956083
830,0.292847375,0.14095664,0.2342779
831,0.285871947,0.144780836,0.228697558
832,0.302047451,0.161107254,0.24163796
833,0.312499188,0.16615298,0.24999935
834,0.292109605,0.156305699,0.233687684
835,0.315296483,0.155639622,0.252237187
836,0.311083241,0.146095076,0.248866592
837,0.31027968,0.128484968,0.248223744
838,0.298649207,0.152544651,0.238919365
839,0.30278572,0.152146609,0.242228576
840,0.311390565,0.121618928,0.249112452
841,0.304806154,0.183554593,0.243844923
842,0.296038291,0.188357807,0.236830633
843,0.313224136,0.11203443,0.250579308
844,0.298778263,0.140649285,0.239022611
845,0.289316968,0.164420564,0.231453575
846,0.306750835,0.159853755,0.245400668
847,0.315379565,0.143301563,0.252303652
848,0.305397585,0.136170593,0.244318068
849,0.289172807,0.102362171,0.231338246
850,0.304955843,0.143143214,0.243964675
851,0.293078153,0.143436912,0.234462522
852,0.293823279,0.145235822,0.235058623
853,0.294884822,0.149043595,0.235907858
854,0.317443991,0.162402067,0.253955193
855,0.296923151,0.117379659,0.237538521
856,0.298779866,0.146841088,0.239023893
857,0.313488744,0.136361025,0.250790995
858,0.297922149,0.175664714,0.238337719
859,0.309635473,0.167060236,0.247708379
860,0.29695823,0.148277317,0.237566584
861,0.312317056,0.139756621,0.249853645
862,0.2994847,0.125258438,0.23958776
863,0.292734529,0.202939661,0.234187623
864,0.284015119,0.182804138,0.227212096
865,0.282597507,0.150671761,0.226078005
866,0.270699618,0.183751159,0.216559694
867,0.298278845,0.150273585,0.238623076
868,0.284266288,0.158064631,0.22741303
869,0.287242409,0.140761638,0.229793928
870,0.296157711,0.178688771,0.236926169
871,0.274036359,0.153866051,0.219229087
872,0.300217753,0.171091512,0.240174202
873,0.277873404,0.16313738,0.222298723
874,0.282476619,0.188316092,0.225981295
875,0.286370649,0.163314788,0.229096519
876,0.280812263,0.209985198,0.22464981
877,0.317383135,0.119452821,0.253906508
878,0.30664297,0.129968993,0.245314376
879,0.298462229,0.119989951,0.238769783
880,0.283088113,0.090153097,0.22647049
881,0.290423312,0.122072237,0.23233865
882,0.323786654,0.151950237,0.259029323
883,0.29863982,0.159388761,0.238911856
884,0.284589919,0.18665038,0.227671935
885,0.302123469,0.190465808,0.241698776
886,0.294341161,0.166198946,0.235472929
887,0.309618474,0.152658554,0.24769478
888,0.285635396,0.139690743,0.228508317
889,0.304950286,0.130317494,0.243960229
890,0.292229462,0.144246711,0.23378357
891,0.288555316,0.175448876,0.230844252
892,0.289940277,0.156283898,0.231952222
893,0.305102066,0.122482577,0.244081653
894,0.286115803,0.142674982,0.228892643
895,0.299697148,0.174827478,0.239757718
896,0.290148315,0.140792598,0.232118652
897,0.299798688,0.138404715,0.23983895
898,0.286885957,0.159083094,0.229508766
899,0.296720224,0.192672752,0.237376179
900,0.292118749,0.182954204,0.233694999
901,0.3166197,0.18291813,0.25329576
902,0.343929287,0.149080359,0.27514343
903,0.294112333,0.169823711,0.235289866
904,0.313087696,0.151214366,0.250470157
905,0.322283237,0.125297504,0.25782659
906,0.285709926,0.120427364,0.22856794
907,0.275748185,0.200707203,0.220598548
908,0.305411017,0.180760228,0.244328813
909,0.28057415,0.124677987,0.22445932
910,0.292063837,0.175512518,0.233651069
911,0.286418693,0.152391015,0.229134954
912,0.290866285,0.141332605,0.232693028
913,0.300721093,0.184891071,0.240576874
914,0.355749376,0.128109107,0.284599501
915,0.304944127,0.149909733,0.243955301
916,0.294204727,0.16427572,0.235363782
917,0.285690788,0.159132839,0.228552631
918,0.296963249,0.147373348,0.237570599
919,0.304061827,0.176706951,0.243249462
920,0.311742524,0.104734785,0.249394019
921,0.306603465,0.170383102,0.245282772
922,0.332650753,0.145862237,0.266120603
923,0.300584172,0.147396365,0.240467337
924,0.301864362,0.167565623,0.241491489
925,0.302352905,0.149874952,0.241882324
926,0.300571225,0.148685279,0.24045698
927,0.30607951,0.140391978,0.244863608
928,0.303827035,0.130218329,0.243061628
929,0.321327314,0.157323893,0.257061851
930,0.286290773,0.134218934,0.229032618
931,0.316141869,0.136235746,0.252913495
932,0.310152778,0.151240971,0.248122223
933,0.283986826,0.17297544,0.227189461
934,0.29019894,0.162448139,0.232159152
935,0.290508142,0.176267963,0.232406513
936,0.310577691,0.157983947,0.248462152
937,0.313652862,0.179761935,0.250922289
938,0.292404555,0.190817462,0.233923644
939,0.292256127,0.139788588,0.233804901
940,0.316356227,0.157671631,0.253084981
941,0.312456389,0.144623258,0.249965111
942,0.288975563,0.143530873,0.23118045
943,0.301223625,0.173826505,0.2409789
944,0.287996928,0.223961699,0.230397542
945,0.320662395,0.190625069,0.256529916
946,0.300781963,0.161118129,0.240625571
947,0.30135385,0.106655823,0.24108308
948,0.302937421,0.161014364,0.242349937
949,0.30834186,0.210283796,0.246673488
950,0.304213951,0.188813024,0.243371161
951,0.333263864,0.142899248,0.266611091
952,0.305755206,0.179074609,0.244604165
953,0.3158191,0.187021647,0.25265528
954,0.305456076,0.150653477,0.244364861
955,0.298088672,0.140818365,0.238470938
956,0.341188406,0.184339706,0.272950725
957,0.297021895,0.199446953,0.237617516
958,0.321596934,0.173085697,0.257277547
959,0.310950597,0.139096869,0.248760477
960,0.309859015,0.086229974,0.247887212
961,0.306770718,0.114015133,0.245416575
962,0.298107689,0.168072563,0.238486151
963,0.309515792,0.157255648,0.247612634
964,0.299603509,0.185388156,0.239682807
965,0.315784225,0.135643422,0.25262738
966,0.287789992,0.190241721,0.230231994
967,0.283583336,0.222080286,0.226866669
968,0.287873412,0.200050871,0.23029873
969,0.282958004,0.151975659,0.226366403
970,0.281019413,0.118139447,0.224815531
971,0.288624243,0.169934653,0.230899394
972,0.293856034,0.179819617,0.235084827
973,0.276862368,0.182130478,0.221489895
974,0.280352964,0.159324443,0.224282371
975,0.306692681,0.125300754,0.245354145
976,0.27360822,0.185510384,0.218886576
977,0.291584499,0.172307544,0.233267599
978,0.299720442,0.16503209,0.239776354
979,0.311385394,0.199463433,0.249108315
980,0.320978135,0.194267327,0.256782508
981,0.317881378,0.234111465,0.254305103
982,0.308837804,0.197638704,0.247070243
983,0.320428943,0.152511451,0.256343154
984,0.328282829,0.175157767,0.262626263
985,0.297583287,0.186317465,0.23806663
986,0.335391267,0.166299613,0.268313014
987,0.302766022,0.182664394,0.242212818
988,0.304982284,0.156191426,0.243985827
989,0.296118339,0.143019478,0.236894671
990,0.351397447,0.142429195,0.281117957
991,0.303932305,0.185162902,0.243145844
992,0.310196426,0.135886489,0.248157141
993,0.300760331,0.192546968,0.240608265
994,0.307459817,0.159162415,0.245967854
995,0.300271774,0.173066775,0.24021742
996,0.359604147,0.161702231,0.287683318
997,0.309199314,0.088233524,0.247359451
998,0.303358041,0.196250444,0.242686433
999,0.308330071,0.19969344,0.246664057